Name,Type of pilot,Youtube,Instagram
MinChan 'MCKFPV' Kim,MultiGP,,
Konstantin 'KostaFPV' Sonnentag,MultiGP,https://www.youtube.com/watch?v=mELl2BhUxM8&ab_channel=KostaFpv,https://www.instagram.com/kosta_fpv/?hl=en
Levi 'Leviathann' Johnson,MultiGP,https://www.youtube.com/channel/UCLuX87NiC9-s8I0pD5ro-_w,https://www.instagram.com/leviathan_fpv/?hl=en
Silas 'Propsicle' Aaron,MultiGP,https://www.youtube.com/c/PropsicleFPV?app=desktop,https://www.instagram.com/propsiclefpv/?hl=en
Marvin 'MARV_FPV' Schäpper,MultiGP,https://www.youtube.com/@MARV_FPV,https://www.instagram.com/marv_fpv/?hl=en
Mason 'Hyper' Lively,MultiGP,https://www.youtube.com/c/hyperfpv,
Jacob 'JakeHammer' Capobres,MultiGP,https://www.youtube.com/@jakehammerfpv9125,
Evan 'headsupfpv' Turner,MultiGP,https://www.youtube.com/@jakehammerfpv9125/about,https://www.instagram.com/jakehammerfpv/
Ashton 'Drobotracer' Gamble,MultiGP,https://www.youtube.com/channel/UC0Du3mKdaHfUZHfm6KdIkOA,https://www.instagram.com/drobotracer/
Sebastian 'SebaFPV' Espinal,MultiGP,https://www.youtube.com/channel/UCFjAFm91a94wgbMu7tUCayA,https://www.instagram.com/sebafpv/?hl=en
Jonny 'NeonFPV' Exner,MultiGP,https://www.youtube.com/c/NEONFPV,https://www.instagram.com/neonfpv/
Atakan 'ATAKAN' Mercimek,MultiGP,https://www.youtube.com/c/atakanfpv,https://www.instagram.com/atakanfpv/?hl=en
MinJae 'MinJaeKim' Kim,MultiGP,,https://www.instagram.com/minjae_kim_08/?ref=AuRMtgCxzUDtk
Tristan 'TDog' Tefft,MultiGP,https://www.youtube.com/channel/UCg1LCq2TYXUgMmNE4J21iig,https://www.instagram.com/tdog_fpv/?hl=en
Tony 'The-Milkman' Bracco,MultiGP,,
Lehan 'JustLehan' Vander,MultiGP,,
Joaquin 'Jbox' Ybanez,MultiGP,https://www.youtube.com/channel/UCmdMb6eYacmXTmb3Kv_8trQ,
Paweł 'pawelosfpv' Laszczak,MultiGP,,https://www.instagram.com/pawelos/
Saul 'saul_fpv' Irving,MultiGP,https://www.youtube.com/channel/UCapsyD1JqiPENEpqW7Pp7Zw,https://www.instagram.com/saul._.fpv/?hl=en
Kyle 'Formula' Wentworth,MultiGP,,
Dimo 'BurkanBiceps' Shterev,MultiGP,,
Beckett 'Noical' Verrilli,MultiGP,https://www.youtube.com/channel/UCV78rgGDixy0ykE-mGe8OpA,https://www.instagram.com/noical_fpv/?hl=en
Burak 'BURAK' Mercimek,MultiGP,https://www.youtube.com/channel/UCS3p9VBFdUfNrWZdKsnSB1A,https://www.instagram.com/burakfpv/
Soren 'PhatKid' Monroe-Anderson,MultiGP,,
Spencer 'Screecher' Cannizzaro,MultiGP,https://www.youtube.com/channel/UCbT3i7KEk1AoY8ey17yZ5BQ,
Tony 'SolidFpv' Esparza,MultiGP,https://www.youtube.com/channel/UCk-HFj1tExfZ7VUZ-stOWEw?app=desktop,https://www.instagram.com/solidfpv/
Alexander 'Akra' Pollinger,MultiGP,,https://www.instagram.com/alex.akra/?hl=en
Pedro 'Pino' Caceres,MultiGP,https://www.youtube.com/@edos1987,https://www.instagram.com/edu_fpv8/?hl=en
Harry 'Holmsie' Holmes,MultiGP,,
Julius 'violinfpv' Jäger,MultiGP,https://www.youtube.com/channel/UCelW9m0pyKr_WN7wPoh6B5A,https://www.secure.instagram.com/violinfpv/
Charles 'Dubicki' Dubicki,MultiGP,https://www.youtube.com/@dubickifpv,
Daniel 'DayLight_FPV' Walston,MultiGP,https://www.youtube.com/channel/UCA4JGIru9IywYDJLD_pFqSQ,https://www.instagram.com/daylightfpv/?hl=en
Tanner 'Infinitee' Beard,MultiGP,https://www.youtube.com/channel/UCg5VOivuikr_NZ4w1f-5iAA,
Logan 'TheSloth-FPV' Jones,MultiGP,https://www.youtube.com/user/legbomaniac,
Anthony 'AyyyKayyyFPV' Knight,MultiGP,,https://www.instagram.com/ayyykayyyfpv/?hl=en
Ivan 'limon' Efimov,MultiGP,https://www.youtube.com/channel/UCQtdpSBYlsWH6_m1Us_d8dg,https://www.instagram.com/limon.fpv/?hl=en
Mitchell 'FireSerpent' Biehl,MultiGP,https://www.youtube.com/channel/UC9iy3s9QE-3JmdccZNEsOtg,https://www.instagram.com/fireserpent_fpv/
Cory 'MewoFPV' Ibanez,MultiGP,https://www.youtube.com/c/mewofpv,https://www.instagram.com/mewofpv/?hl=en
Tomas 'Tomatefpv' Faundez,MultiGP,https://www.youtube.com/channel/UCGnn8fhe1_Z0SBevL1KzhhQ/videos?app=desktop&view=0&sort=p&flow=grid,https://www.instagram.com/tomatefpv.cl/?hl=en
Ryan 'AKdrones' Martin,MultiGP,https://www.youtube.com/channel/UC_2Z9Qg1EfY_87j5btoRPYw,https://www.instagram.com/the_real_akdrones/?hl=en
Greg 'AlpiFPV' Kasjaniuk,MultiGP,,
Neil 'NM_Grower' Marek,MultiGP,,
Patrick 'Enginair' White,MultiGP,,
Andrew 'bigspeed' Brower,MultiGP,https://www.youtube.com/channel/UCreBMQ7cWcrzdvrrBK1HaXQ,https://www.instagram.com/bigspeedfpv/?hl=en
Owen 'Knighthawk' Knight,MultiGP,,https://www.instagram.com/knighthawk_fpv/?hl=en
Charles 'Mr_Chaus' Wang,MultiGP,,
John 'JohnEFly' Chapman,MultiGP,https://www.youtube.com/c/JohnEFly?app=desktop,
Jim 'KneeDown' Snodgrass,MultiGP,,https://www.instagram.com/jim.snodgrass/?hl=en
Nick 'DirtyMuffin' Knickerbocker,MultiGP,,
Emil 'Propcounter' Klehr,MultiGP,,
Antoni 'antonig' Georgiev,MultiGP,https://www.youtube.com/c/AntoniGeorgiev,https://www.instagram.com/antonig_fpv/?hl=en
Jamison 'RussellAR' Russell,MultiGP,https://www.youtube.com/@jamisonrussell8953/featured,https://www.instagram.com/russellar_fpv/?hl=en
Adrian 'Adrone' Adams,MultiGP,,
Ryan 'MegaHurts' Davis,MultiGP,,
Terry 'Beastmode' Arscott,MultiGP,,
Josef 'EuLeR' Hauer,MultiGP,https://www.youtube.com/channel/UCvbN2zsNRl0odnaLWxlyx4w,https://www.instagram.com/euler_fpv/?fbclid=IwAR11cmAq4hiP5jNqYaK68g3UqM5H6MzRpjjEOxFDv5hxyELSWfZ97vsCAac
Ethan 'EthanFPV' Kling,MultiGP,,https://www.instagram.com/ethan_kling/?hl=en
Armando 'Mondo' Gallegos,MultiGP,https://www.youtube.com/channel/UC-X7Y2I1kYr6AXwhoC4mQdA,https://www.instagram.com/mondo.fpv/?hl=en
Shawn 'Shames' Ames,MultiGP,,https://www.instagram.com/shamesfpv/?hl=en
Louis 'LouFPV' Tucker,MultiGP,,https://www.instagram.com/loufpv/?hl=en
Thomas 'Spicy' Cinnamon,MultiGP,,
Charles 'PacoFPV' Rinfret,MultiGP,,https://www.instagram.com/thepacofpv/?hl=en
Jon 'FAERRY' Gaiser,MultiGP,,
Joshua 'Orangestuff' Becka,MultiGP,https://www.youtube.com/@Orage530,
Levi 'Levi' Wilson,MultiGP,https://www.youtube.com/@LeviathanFPV,https://www.instagram.com/leviathan_fpv/?hl=en
Hajun 'Hajunfpv' Yu,MultiGP,https://www.youtube.com/@hajun_0106,https://www.instagram.com/hajun_0106/
Kyle 'DreamZ' Kaufman,MultiGP,https://www.youtube.com/channel/UCDYjjnrEFOpwmG_yiWNCJmw,https://www.instagram.com/fpvdreamz/?hl=en
Josh 'YAWESOME' Howell,MultiGP,,
Quinton 'QTFPV' Hansen,MultiGP,,https://www.instagram.com/qtfpv/?hl=en
Robert 'CravenFPV' Gentel,MultiGP,https://www.youtube.com/c/CravenFPV,https://www.instagram.com/robertgentel/?hl=en
Wes 'JoeCool' Smithers,MultiGP,https://www.youtube.com/@jo3cool/about,
Timofey 'Din' Germanov,MultiGP,,https://www.instagram.com/din_fpv/?hl=en
Philip 'Wikiwix' Sieder,MultiGP,https://www.youtube.com/channel/UCx93kHz91_Dmo_YlaBDY-zA,
Bryton 'Praze' Schwab,MultiGP,,
Chett 'ChettMac' Mac,MultiGP,https://www.youtube.com/channel/UCW4C68sG8oX7ZN76pPsqawQ,https://www.instagram.com/chettmac_/?hl=en
David 'Goatro' Muller,MultiGP,,https://www.instagram.com/davidvisual_/
Jonathan 'j4y' Evans,MultiGP,,
Max 'gManBio' Heiligman,MultiGP,https://www.youtube.com/@gmanFPV,
Brian 'Tiltedfpv' Lambert,MultiGP,https://www.youtube.com/user/ragelegendxx/videos,https://www.instagram.com/brian_lambert13/
Aleksi 'aleksi15' Rastas,MultiGP,,
Rick 'SSBelmont' Caudle,MultiGP,,
Gregory 'G-Money' Hurst,MultiGP,,
christian 'CHEZFPV' sanchez,MultiGP,,https://www.instagram.com/chez.fpv/?hl=en
Tilman 'tillyFPV' Koester,MultiGP,https://www.youtube.com/@tillyFPV/videos,
Lucas 'Droner' Dearborn,MultiGP,,https://www.instagram.com/lucasdearborn/?hl=en
Yuriy '301' Lesyk,MultiGP,,
Joel 'Waterclocker' Dekker,MultiGP,https://www.youtube.com/@waterclockerfpv3247/,
Lucas 'SkyReadyRC' Sanford,MultiGP,,
Jordan 'MixedSignals' Moss,MultiGP,https://www.youtube.com/@mixedsignalsfpv9822/about,https://www.instagram.com/mixedsignals_fpv/
Wade 'DreadPool' Wilson,MultiGP,https://www.youtube.com/@Dread_FPV,https://www.instagram.com/dread_fpv/?hl=en
Zlatko 'Old_Toxical' Radev,MultiGP,,
Ben 'bennymack' Bixby,MultiGP,,
Brett 'WinterRanger' Robertson,MultiGP,,
Amanda 'PiFLY' Lipski,MultiGP,https://www.youtube.com/c/PiFLY,https://www.instagram.com/piflyzoom/?hl=en
Bryson 'Red-5' Hagerman,MultiGP,https://www.youtube.com/c/Red5FPV,https://www.instagram.com/red5_fpv/
David 'zombee' OConnor,MultiGP,https://www.youtube.com/channel/UCmWZbVSdQxD3a65LD246kLQ,
Ramon 'BigRamon' Grande,MultiGP,,
Moritz 'mojofpv' Ahnfeldt,MultiGP,,
James 'JR138' Randall,MultiGP,,
Leo 'kumokraft' Barbera,MultiGP,,https://www.instagram.com/kumokraft/?hl=en
Colin 'Proximo' Rountree,MultiGP,https://www.youtube.com/c/shiftfpv,https://www.instagram.com/proximofpv/
Peter 'Nightwing' Rudman,MultiGP,https://www.youtube.com/user/slldk,https://www.instagram.com/nightwingfpv/?hl=en
Jose 'JoseFPV' Heijn,MultiGP,https://www.youtube.com/channel/UCJl3yxYNpAZKryW5_YGMMUg,https://www.instagram.com/jose.fpv/tagged/?hl=en
Maximiliano 'Saber' Fernandez,MultiGP,https://www.youtube.com/channel/UCUIC_yVGSTap3joH3qOoeMw,https://www.instagram.com/sabre_fpv/
Felix 'ScorbFPV30' Strohmeier,MultiGP,,
Kevin 'LazyDayFPV' Marshall,MultiGP,https://www.youtube.com/c/LazyDayFPV,https://www.instagram.com/lazyday_fpv/?hl=en
Robert 'JFK' Lacroix,MultiGP,,https://www.instagram.com/jfk.fpv/?hl=en
Skyler 'Tyger' Winkelman,MultiGP,https://www.youtube.com/@tigerfpv5033/about,
Andrew 'Cappy_One' Coppola,MultiGP,,
Alex 'ARM_FPV' MacConnell,MultiGP,https://www.youtube.com/armfpv,https://www.instagram.com/aderlanrm/?hl=en
Joseph 'StyxenStones' Manalo,MultiGP,https://www.youtube.com/channel/UC0XZY67E3wNWTVcdDxBW8og,https://www.instagram.com/pop.fpv/?hl=en
Matt 'Bearmanfpv' Bearman,MultiGP,https://www.youtube.com/@TheDynamicMatt/about,
Luke 'PostalService' Lawver,MultiGP,,
John 'Roar' Rohrssen,MultiGP,,
Ian 'Thrash' Pataky,MultiGP,,
Lonnie 'K1NG' King,MultiGP,https://www.youtube.com/@KingFPV/videos,https://www.instagram.com/king.fpv/
Jake 'Darksilver' Langley,MultiGP,,
Eli 'Bull-Fpv' Abitbol,MultiGP,,https://www.instagram.com/bullfpv/?hl=en
Jeff 'Jeffpv' Comer,MultiGP,https://www.youtube.com/channel/UCbXs-ZsFAVs-ve980d4eP6g,https://www.instagram.com/jef.fpv/?hl=en
heiko 'hakko' berberich,MultiGP,,
Arvin 'ArvinFPV' Schroeder,MultiGP,https://www.youtube.com/channel/UCovBTR8oOfKff_1Xj1Hm3NQ,
Daniel 'ducito' Ivanov,MultiGP,,
Juho 'JuhtiPuhti' Pulkkanen,MultiGP,,
Kaden 'FlyBoy2009' Steckenrider,MultiGP,,
Mladen 'MrBogey' Bogoev,MultiGP,https://www.youtube.com/@mrbogeyfpv/about,
,,,
,,,
,,,https://www.instagram.com/chrismfpv/?fbclid=IwAR2mBq-yGHDiJ4jSNBUwEQH0GHZgtQhb4pNZm3mliSKtbrMMvYZ3tKLn4cQ
Djan Braverick,DCL ,,https://www.instagram.com/djan_braverick_fpv/
gabriprince,DCL ,,https://www.instagram.com/_gabrieleprincipe_/
VinagresFPV,DCL ,,https://www.instagram.com/jordi_94fpv/
KEEPY_FPV,DCL ,https://www.youtube.com/keepyfpv,https://www.instagram.com/keepy_fpv/
LazyDay,DCL ,,https://www.instagram.com/lazyday_fpv
MikroMecanee,DCL ,,https://www.instagram.com/mikrofpv/
Roo,DCL ,https://www.youtube.com/roofpv,https://www.instagram.com/roo_fpv/
Doruk FPV,DCL ,https://www.youtube.com/@dorukfpv,https://www.instagram.com/dorukfpv/
Kenrickfpv,DCL ,,https://www.instagram.com/kenrickfpv/
IonFPV,DCL ,,https://www.instagram.com/ionfpv_/
Cryson,DCL ,,https://www.instagram.com/crysonfpv/
Cr3at0rGamer,DCL ,,https://www.instagram.com/lukas_rau1/
DuoNa FPV,DCL ,,
CloneNo1,DCL ,https://www.youtube.com/@CloneNo1,https://www.instagram.com/LegoCloneNo1/
gMan,DCL ,https://www.youtube.com/@gmanfpv,https://www.instagram.com/fpvgman/
JBox,DCL ,https://www.youtube.com/channel/UCmdMb6eYacmXTmb3Kv_8trQ,https://www.instagram.com/jboxfpv/
Baraktal,DCL ,https://www.youtube.com/@baraktal9198,https://www.instagram.com/baraktalfpv/
THEICECHEETAH,DCL ,https://www.youtube.com/@theicecheetah2401,https://www.instagram.com/theicecheetah/
Paco,DCL ,,https://www.instagram.com/thepacofpv/
Bambi,DCL ,https://www.youtube.com/@bambitakesflight7345,https://www.instagram.com/BambiTakesFlight/
Astronaut,DCL ,https://www.youtube.com/@astronautfpv6574,https://www.instagram.com/astronautfpv/
ZionFPV,DCL ,https://www.youtube.com/channel/UCaVxIixGj_aItPzhgmLlnkA,https://www.instagram.com/zionfpv_official/
Soziapath,DCL ,,https://www.instagram.com/cyclonedroneracing/
superspiro,DCL ,,https://www.instagram.com/superspiro_fpv/
Vizzy,DCL ,https://www.youtube.com/channel/UCs5_lpCO36T-6hU2QLdck7w,https://www.instagram.com/vizziy/
ZOOM,DCL ,,https://instagram.com/vadim_dzema
FlowCelly,DCL ,https://www.youtube.com/@FlowCelly,https://www.instagram.com/flowcelly/
Dragony,DCL ,,https://www.instagram.com/dragony_fpv/
Mr.Bogey,DCL ,https://www.youtube.com/@mrbogeyfpv,https://www.instagram.com/mr.bogey_fpv/
Rockerguy,DCL ,https://www.youtube.com/channel/UCD3XWnw9IqLY9Kic-fN3pmQ,https://www.instagram.com/rockerguy_fpv/
StDuck,DCL ,https://www.youtube.com/channel/UCQhYJ1dwV-PTNvnmmDcCu5Q,https://www.instagram.com/stduckfpv/
Chuggakva,DCL ,,https://www.instagram.com/FPV_Chuggy/
Holdox_FPV,DCL ,https://www.youtube.com/@HoldoxFPV,https://www.instagram.com/holdox_fpv/
Snowyeti,DCL ,https://www.youtube.com/@evenbraaten5312,https://www.instagram.com/snowyeti_fpv/
Puray,DCL ,https://www.youtube.com/channel/UCaawDXd44YRrb8ReSP36GpA,https://www.instagram.com/puray_fpv/
Smelandfpv,DCL ,,https://www.instagram.com/havenairborne/
Nido_FPV,DCL ,https://www.youtube.com/@nido_fpv3503,https://www.instagram.com/nidofpv/
SPooK,DCL ,,
Fireduck,DCL ,https://www.youtube.com/@fireduckfpv,https://www.instagram.com/fireduck_fpv/
Mako Reactra,DCL ,https://www.youtube.com/@MakoReactra/,https://www.instagram.com/makoreactra/
StephFPV,DCL ,https://www.youtube.com/StephFPV,https://www.instagram.com/steph.fpv/
Natahova,DCL ,,https://www.instagram.com/natahova
LaBeba,DCL ,,https://www.instagram.com/labeba.fpv/
Hologram,DCL ,https://www.youtube.com/channel/UCy0HWoUhyn9GoUi8_OFOKDw,https://instagram.com/hologram_fpv?igshid=NDk5N2NlZjQ=
MaiOnHigh,DCL ,https://www.youtube.com/maionhigh,https://www.instagram.com/maionhigh
MOGA FPV,DCL ,https://www.youtube.com/channel/UCa5ij-RIMuUI5F7AjuzuXWQ,https://www.instagram.com/moga_fpv/
TRILLY FPV,DCL ,,https://instagram.com/trillyfpv?igshid=YmMyMTA2M2Y=
Proximo,DCL ,https://www.youtube.com/@ProximoFPV,https://www.instagram.com/proximofpv/
Burkan,DCL ,https://www.youtube.com/channel/UCT6yPBjdcoeqLFro1QZlk5w,https://www.instagram.com/burkan_fpv/
HeadsupFPV,DCL ,https://www.youtube.com/@Headsupfpv,https://www.instagram.com/evanlturner/
Leviathann,DCL ,https://www.youtube.com/@leviathannfpv1282,https://www.instagram.com/leviathann_fpv/
QTFPV,DCL ,,https://www.instagram.com/qtfpv
AKDRONES,DCL ,https://www.youtube.com/channel/UC_2Z9Qg1EfY_87j5btoRPYw,https://www.instagram.com/the_real_akdrones/
PropsicleFPV,DCL ,https://www.youtube.com/@PropsicleFPV,https://www.instagram.com/propsiclefpv/
Screecher,DCL ,https://www.youtube.com/@screecherfpv9913/,https://www.instagram.com/screecherfpv/
LONGCAT,DCL ,https://www.youtube.com/longcatfpv,https://www.instagram.com/longcatfpv/
THUNDER_FPV,DCL ,https://www.youtube.com/channel/UCxQSVIMq4zHpjfLBjdG_26g/videos,https://www.instagram.com/thunder_fpv/
Kosta FPV,DCL ,https://www.youtube.com/c/KostaFpv,https://www.instagram.com/kosta_fpv/
Silent,DCL ,,https://www.instagram.com/silentfpv/
IQ0,DCL ,https://www.youtube.com/channel/UCykQaaubee5Pdyh4s0yuUfw,https://www.instagram.com/gabe_barrasso/
Mattyo FPV,DCL ,https://www.youtube.com/channel/UCPe65ji_TA3pqh-PaeptLmA,https://www.instagram.com/mattyofpv/
Andreas_FPV,DCL ,,https://www.instagram.com/sarah_fpv/
yukifpv,DCL ,https://youtube.com/channel/UCPhShOdOR-lDxw-wGYG_inA,https://www.instagram.com/yuki.fpv/
Blessed FPV,DCL ,https://www.youtube.com/channel/UCkxELDd68wqXPwoJlA8OMmw,https://www.instagram.com/blessed_fpv/
DAN00B,DCL ,,https://www.instagram.com/_._.daniii/
Shrimpy Boy,DCL ,,https://www.instagram.com/Shrimpy_boyyy
Seasky_FPV,DCL ,https://youtube.com/@seasky_,https://instagram.com/seasky_fpv?igshid=YmMyMTA2M2Y=
NateYT,DCL ,,https://www.instagram.com/ofekyot
Silvio FPV,DCL ,https://www.youtube.com/@silviofpv,https://www.instagram.com/silvio_fpv/
Squid-FPV,DCL ,https://www.youtube.com/@SQuiDFPV,https://www.instagram.com/return_of_squid_fpv/
HYG FPV,DCL ,,https://www.instagram.com/hygfpv/
Drobot Racer,DCL ,https://www.youtube.com/@AshtonsPTW,https://www.instagram.com/drobotracer/
Yayou,DCL ,,https://www.instagram.com/yayou_fpv/
Salie1,DCL ,,https://www.instagram.com/salieone/
Razbri,DCL ,,https://www.instagram.com/xbladesracing/
violinFPV,DCL ,https://www.youtube.com/channel/UCelW9m0pyKr_WN7wPoh6B5A,https://www.instagram.com/violinfpv/
Shaigne,DCL ,,https://www.instagram.com/shaignefpv
Minjae,DCL ,,https://www.instagram.com/minjae_kim_08/
Star23467,DCL ,https://www.youtube.com/channel/UCITHZoZEhzSWgJGvSnVbobQ,https://www.instagram.com/thomas.kund/
Marc Abbott,BDRA PILOTS,,
Saul Irving,BDRA PILOTS,https://www.youtube.com/channel/UCapsyD1JqiPENEpqW7Pp7Zw?view_as=subscriber,https://www.instagram.com/saul_fpv/
Alex Kubrak,BDRA PILOTS,https://www.youtube.com/channel/UCpoLzSpOr-gEIu9chLXLiEQ,https://www.instagram.com/ak_fpv/
Matthew Neale,BDRA PILOTS,,
John Resch,BDRA PILOTS,,
Scott Barrett,BDRA PILOTS,,
Rhys Barber,BDRA PILOTS,,
Derek Maben,BDRA PILOTS,,
John Knight,BDRA PILOTS,,https://instagram.com/silverfox_fpv
Jiri Dokoupil,BDRA PILOTS,https://www.youtube.com/playlist?list=PLNeauhgAL5IpMfLovhFlxfw_vlhCjqqJv,
Jake Reeves,BDRA PILOTS,https://www.youtube.com/channel/UCGgkWxfAlYkyNsJDcQm4Hbg,https://www.instagram.com/reevolution_fpv/
Leigh Elwell,BDRA PILOTS,https://www.youtube.com/channel/UCWptC50AHZ7CKDInm8Of0Mg/,
Michael Bellingham,BDRA PILOTS,,
Rich Gunstone,BDRA PILOTS,https://www.youtube.com/channel/UCgYqjFUNpsQpESDuCibXckA,
Edward Dalton,BDRA PILOTS,https://youtube.com/@Steath_FPV,https://instagram.com/steath_fpv?igshid=YmMyMTA2M2Y=
Joe Wilson,BDRA PILOTS,,
Zeon Hutton,BDRA PILOTS,,
Duncan Gabriel,BDRA PILOTS,,
Sean Boulton,BDRA PILOTS,,
Kyle Mose-Baker,BDRA PILOTS,,
Phil John-boy,BDRA PILOTS,,
Adrian Simpson,BDRA PILOTS,,
Graeme Wood,BDRA PILOTS,,
Harry Holmes,BDRA PILOTS,https://www.youtube.com/channel/UC5ViExfEKsdiYfzmdLqwPFw,https://www.instagram.com/holmsiefpv/
Josh Gottesman,BDRA PILOTS,https://www.youtube.com/channel/UC-daXEUpiGdGpaiSgqonTMg,
Karl Payne,BDRA PILOTS,https://www.youtube.com/channel/UChkw1RIQcVbIc5UvvDcvIDQ,https://www.instagram.com/kpv_uk/
Joe Watkiss,BDRA PILOTS,,
Joshy Stevens,BDRA PILOTS,,
David Catt,BDRA PILOTS,https://www.youtube.com/c/xgoodvibesx,https://www.instagram.com/all_the_goodvibes/
Scott Blood,BDRA PILOTS,https://www.youtube.com/channel/UCniLt1stI7F3KaE2RqXzFbg,
Owen Knight,BDRA PILOTS,https://www.youtube.com/channel/UC5E_eq-1jcRKZjfiDYUs7rA,
Steve Rhodes,BDRA PILOTS,,
Dan Stevens,BDRA PILOTS,,https://instagram.com/xo_fpv?igshid=NTc4MTIwNjQ2YQ==
Lewis Boateng,BDRA PILOTS,https://www.youtube.com/channel/UCuP2n2a46VsmLVh3BBdWzZQ,
PAUL WALDIN,BDRA PILOTS,https://www.youtube.com/channel/UCzuIaRP-4lvb0b2htrqmreA,
Mark Hale,BDRA PILOTS,,
Will Annison,BDRA PILOTS,https://www.youtube.com/channel/UCukz727OyqPv_ACnRf7KniQ?,
Mark Burrows,BDRA PILOTS,,
Tom Mundy,BDRA PILOTS,https://www.youtube.com/user/tommundy,https://www.instagram.com/p13ftw/
Mervyn Van Vuuren,BDRA PILOTS,https://www.youtube.com/@batmanfpv7516,
nico turner,BDRA PILOTS,,https://instagram.com/nicoturnervideos/
James Hull,BDRA PILOTS,https://www.youtube.com/channel/UCpoPBwlEaqS5sKFodmfmvQg,https://www.instagram.com/rcmaniac98/
Nigel Ross,BDRA PILOTS,,
Andrew Dickinson,BDRA PILOTS,https://www.youtube.com/channel/UCdTK2cHzL6v17bC0tgMg3BA,
Robin Haswell,BDRA PILOTS,,
Tom Pittson,BDRA PILOTS,,
Vaughn Jones,BDRA PILOTS,https://www.youtube.com/channel/UCCEqBC41Vqu-WLUsR8dfouw,
John Parry,BDRA PILOTS,,
Tilden Martin,BDRA PILOTS,,
Ben Jeeves,BDRA PILOTS,,
Lazyday,MLDR,https://www.youtube.com/c/LazyDayFPV,https://www.instagram.com/lazyday_fpv/?hl=en
HoneyBadger,MLDR,,
Vanadium ,MLDR,,https://www.youtube.com/@vanadium9706
Wildtype,MLDR,,https://www.instagram.com/wildtypefpv/?hl=en
ScrapeHeap,MLDR,,
ZPFunk,MLDR,,https://www.instagram.com/zpfunk/?hl=en
Hatter,MLDR,,
Sturmy,MLDR,,
Freedom,MLDR,,https://www.instagram.com/fpv_freedom/
GainingGround,MLDR,,
BuddhaFPV,MLDR,,https://www.instagram.com/buddha.eyez_fpv/?hl=en
Chedda,MLDR,,
Mckibben_FPV,MLDR,,https://www.instagram.com/mckibben_fpv/
Chaser,MLDR,,
Teekat.FPV,MLDR,https://www.youtube.com/channel/UC_GciKfi-HL0_nMFEOYnGSA,
Chett Mac,MLDR,,
Vball,MLDR,,
Jbox,MLDR,https://www.youtube.com/channel/UCmdMb6eYacmXTmb3Kv_8trQ,
KumoKraft,MLDR,https://www.youtube.com/user/kumokraft/videos,https://www.instagram.com/kumokraft/?hl=en
Joe Cool,MLDR,https://www.youtube.com/watch?v=JkvXLR3bjCA&ab_channel=JoeFPV,https://www.instagram.com/joe.fpv/?hl=en
DessertRate,MLDR,,
Imperius,MLDR,https://www.youtube.com/channel/UCi5mP1RI4-gTzDXoBIANulg,
PimpHop,MLDR,https://www.youtube.com/@pimphopfpv100/videos,
Blaise,MLDR,https://www.youtube.com/@Blaisfpv/videos,
2_hottie,MLDR,https://www.youtube.com/@2_hottie/about,
Meta4,MLDR,https://www.youtube.com/@meta4FPV/about,https://www.instagram.com/theveith/
Razzi,MLDR,,
Tiger.i,MLDR,,
SFPV,MLDR,,
Zstone,MLDR,,https://www.instagram.com/_z_stone/?hl=en
Mewo,MLDR,,https://www.instagram.com/mewofpv/?hl=en
j4y,MLDR,,
JFK,MLDR,https://www.youtube.com/channel/UCcziY9a8fWpTBCIYb-bux0w,https://www.instagram.com/jfk.fpv/?hl=en
Faerry,MLDR,,
PappaWoody,MLDR,,
VermillionZ,MLDR,,
Leviathann,MLDR,https://www.youtube.com/@LeviathanFPV,https://www.instagram.com/leviathan_fpv/?hl=en
OhSchnapp,MLDR,https://www.youtube.com/@ohSchnapp/about,
Racafpv,MLDR,,
Bebafpv,MLDR,,
Cesar_fpv,MLDR,,https://www.instagram.com/cesar_fpv/?hl=en
Drobot ,MLDR,https://www.youtube.com/channel/UC0Du3mKdaHfUZHfm6KdIkOA,https://www.instagram.com/drobotracer/
SegFPV,MLDR,https://www.youtube.com/@region2350,https://www.instagram.com/segafpv/?hl=en
